{
  "count": 33.0,
  "latency_p50_ms": 3.9173653349280357,
  "latency_p90_ms": 5.827012099325657,
  "temporal_acc": 0.8181818181818182,
  "quantifier_acc": 0.42424242424242425
}