{
  "count": 33.0,
  "latency_p50_ms": 4.3922062031924725,
  "latency_p90_ms": 5.162909813225269,
  "temporal_acc": 0.8181818181818182,
  "quantifier_acc": 0.42424242424242425
}