{
  "timestamp": "20250606_165139",
  "metrics": {
    "FSA Pattern Matching": {
      "optimized_time": 5.714578792,
      "speedup": 0.00043657338376234986
    },
    "Advanced Caching": {
      "optimized_time": 0.009190417000000117,
      "speedup": 0.029591475555451083
    },
    "String Matching (Aho-Corasick)": {
      "optimized_time": 0.3942354589999999,
      "speedup": 0.026682658192853627
    },
    "Object Pooling": {
      "optimized_time": 0.03393329100000031,
      "speedup": 0.594389268049488
    },
    "SIMD Parallel Processing": {
      "optimized_time": 0.134894042,
      "speedup": 0.013922964811152853
    }
  }
}